id,focus,signal,slack,drag,confidence,score,lane,kind,invariant
g001,change width,83,72,31,36,274,ship,baseline,monotonic-signal
g002,diagnostic quality,63,45,41,80,154,watch,edge,drag-penalty
g003,review cost,57,34,6,85,294,ship,recovery,confidence-floor
g004,safe rewrite,101,31,11,27,337,ship,negative,lane-boundary
g005,change width,83,67,36,89,292,ship,baseline,monotonic-signal
g006,diagnostic quality,33,17,8,81,174,ship,edge,drag-penalty
g007,review cost,56,65,16,39,257,ship,recovery,confidence-floor
g008,safe rewrite,115,21,22,65,342,ship,negative,lane-boundary
g009,change width,104,72,26,40,366,ship,baseline,monotonic-signal
g010,diagnostic quality,58,65,9,75,334,ship,edge,drag-penalty
g011,review cost,38,64,23,54,181,ship,recovery,confidence-floor
g012,safe rewrite,76,66,10,48,358,ship,negative,lane-boundary
g013,change width,98,34,9,92,409,ship,baseline,monotonic-signal
g014,diagnostic quality,113,56,27,76,392,ship,edge,drag-penalty
g015,review cost,36,34,17,72,163,watch,recovery,confidence-floor
g016,safe rewrite,89,61,13,75,399,ship,negative,lane-boundary
g017,change width,75,77,13,38,352,ship,baseline,monotonic-signal
g018,diagnostic quality,71,52,35,67,209,ship,edge,drag-penalty
g019,review cost,117,77,6,43,518,ship,recovery,confidence-floor
g020,safe rewrite,55,57,35,35,139,watch,negative,lane-boundary
g021,change width,72,50,30,79,245,ship,baseline,monotonic-signal
g022,diagnostic quality,40,14,8,84,192,ship,edge,drag-penalty
g023,review cost,115,68,40,26,307,ship,recovery,confidence-floor
g024,safe rewrite,112,63,16,88,470,ship,negative,lane-boundary
g025,change width,114,27,26,80,346,ship,baseline,monotonic-signal
g026,diagnostic quality,31,47,33,38,60,hold,edge,drag-penalty
g027,review cost,37,25,38,64,35,hold,recovery,confidence-floor
g028,safe rewrite,87,51,21,39,297,ship,negative,lane-boundary
g029,change width,72,67,35,74,249,ship,baseline,monotonic-signal
g030,diagnostic quality,68,77,43,53,196,ship,edge,drag-penalty
g031,review cost,69,50,7,47,319,ship,recovery,confidence-floor
g032,safe rewrite,36,39,11,91,222,ship,negative,lane-boundary
g033,change width,104,36,36,75,279,ship,baseline,monotonic-signal
g034,diagnostic quality,98,72,8,71,469,ship,edge,drag-penalty
g035,review cost,54,22,37,74,95,hold,recovery,confidence-floor
g036,safe rewrite,36,70,36,37,105,watch,negative,lane-boundary
g037,change width,74,26,12,66,280,ship,baseline,monotonic-signal
g038,diagnostic quality,97,77,44,42,267,ship,edge,drag-penalty
g039,review cost,68,70,40,34,178,ship,recovery,confidence-floor
g040,safe rewrite,57,69,40,78,187,ship,negative,lane-boundary
g041,change width,99,71,20,83,422,ship,baseline,monotonic-signal
g042,diagnostic quality,79,39,33,25,175,ship,edge,drag-penalty
g043,review cost,117,61,20,87,460,ship,recovery,confidence-floor
g044,safe rewrite,51,39,15,79,235,ship,negative,lane-boundary
g045,change width,66,66,35,37,192,ship,baseline,monotonic-signal
g046,diagnostic quality,77,12,25,63,193,ship,edge,drag-penalty
g047,review cost,42,57,43,38,63,hold,recovery,confidence-floor
g048,safe rewrite,116,12,11,73,390,ship,negative,lane-boundary
g049,change width,112,62,18,52,422,ship,baseline,monotonic-signal
g050,diagnostic quality,70,55,23,46,251,ship,edge,drag-penalty
g051,review cost,96,19,6,90,386,ship,recovery,confidence-floor
g052,safe rewrite,113,73,20,74,459,ship,negative,lane-boundary
g053,change width,81,68,28,70,309,ship,baseline,monotonic-signal
g054,diagnostic quality,68,32,34,73,171,ship,edge,drag-penalty
g055,review cost,65,52,38,36,145,watch,recovery,confidence-floor
g056,safe rewrite,67,30,21,65,221,ship,negative,lane-boundary
g057,change width,72,56,35,41,194,ship,baseline,monotonic-signal
g058,diagnostic quality,78,72,22,33,301,ship,edge,drag-penalty
g059,review cost,40,12,21,77,116,watch,recovery,confidence-floor
g060,safe rewrite,113,55,39,82,336,ship,negative,lane-boundary
g061,change width,109,44,29,24,294,ship,baseline,monotonic-signal
g062,diagnostic quality,110,41,25,86,373,ship,edge,drag-penalty
g063,review cost,77,77,25,78,338,ship,recovery,confidence-floor
g064,safe rewrite,57,27,5,36,236,ship,negative,lane-boundary
g065,change width,51,75,18,62,275,ship,baseline,monotonic-signal
g066,diagnostic quality,95,31,5,37,359,ship,edge,drag-penalty
g067,review cost,77,12,42,72,117,watch,recovery,confidence-floor
g068,safe rewrite,115,75,20,51,446,ship,negative,lane-boundary
g069,change width,50,74,10,45,293,ship,baseline,monotonic-signal
g070,diagnostic quality,109,76,28,89,428,ship,edge,drag-penalty
g071,review cost,98,44,38,73,265,ship,recovery,confidence-floor
g072,safe rewrite,52,66,45,69,132,watch,negative,lane-boundary
g073,change width,32,44,8,72,216,ship,baseline,monotonic-signal
g074,diagnostic quality,70,71,33,35,222,ship,edge,drag-penalty
g075,review cost,92,17,5,64,349,ship,recovery,confidence-floor
g076,safe rewrite,107,62,13,40,420,ship,negative,lane-boundary
g077,change width,30,17,19,32,61,hold,baseline,monotonic-signal
g078,diagnostic quality,83,67,23,76,344,ship,edge,drag-penalty
g079,review cost,69,60,6,81,378,ship,recovery,confidence-floor
g080,safe rewrite,65,24,20,23,166,watch,negative,lane-boundary
g081,change width,111,8,7,85,399,ship,baseline,monotonic-signal
g082,diagnostic quality,49,73,6,77,340,ship,edge,drag-penalty
g083,review cost,66,37,24,35,187,ship,recovery,confidence-floor
g084,safe rewrite,34,57,14,61,207,ship,negative,lane-boundary
g085,change width,109,35,10,36,383,ship,baseline,monotonic-signal
g086,diagnostic quality,106,61,10,71,461,ship,edge,drag-penalty
g087,review cost,108,77,32,50,368,ship,recovery,confidence-floor
g088,safe rewrite,113,17,45,44,192,ship,negative,lane-boundary
g089,change width,31,60,32,88,141,watch,baseline,monotonic-signal
g090,diagnostic quality,81,49,27,72,278,ship,edge,drag-penalty
g091,review cost,66,46,5,68,333,ship,recovery,confidence-floor
g092,safe rewrite,62,12,37,71,96,hold,negative,lane-boundary
g093,change width,63,32,13,34,222,ship,baseline,monotonic-signal
g094,diagnostic quality,30,10,23,63,58,hold,edge,drag-penalty
g095,review cost,98,36,30,39,255,ship,recovery,confidence-floor
g096,safe rewrite,92,17,35,31,166,watch,negative,lane-boundary
